{
  "negative": {
    "precision": 1.0,
    "recall": 0.75,
    "f1-score": 0.8571428571428571,
    "support": 4.0
  },
  "neutral": {
    "precision": 1.0,
    "recall": 1.0,
    "f1-score": 1.0,
    "support": 2.0
  },
  "positive": {
    "precision": 0.75,
    "recall": 1.0,
    "f1-score": 0.8571428571428571,
    "support": 3.0
  },
  "accuracy": 0.8888888888888888,
  "macro avg": {
    "precision": 0.9166666666666666,
    "recall": 0.9166666666666666,
    "f1-score": 0.9047619047619048,
    "support": 9.0
  },
  "weighted avg": {
    "precision": 0.9166666666666666,
    "recall": 0.8888888888888888,
    "f1-score": 0.8888888888888888,
    "support": 9.0
  }
}