{
  "not fls": {
    "precision": 0.8,
    "recall": 1.0,
    "f1-score": 0.8888888888888888,
    "support": 4.0
  },
  "specific fls": {
    "precision": 1.0,
    "recall": 0.8333333333333334,
    "f1-score": 0.9090909090909091,
    "support": 6.0
  },
  "accuracy": 0.9,
  "macro avg": {
    "precision": 0.9,
    "recall": 0.9166666666666667,
    "f1-score": 0.898989898989899,
    "support": 10.0
  },
  "weighted avg": {
    "precision": 0.9199999999999999,
    "recall": 0.9,
    "f1-score": 0.901010101010101,
    "support": 10.0
  }
}