{
  "micro": {
    "precision": 0.9444444444444444,
    "recall": 1.0,
    "f1": 0.9714285714285714
  },
  "per_type": {
    "ORG": {
      "p": 0.8888888888888888,
      "r": 1.0,
      "f": 0.9411764705882353
    },
    "GPE": {
      "p": 1.0,
      "r": 1.0,
      "f": 1.0
    },
    "LOC": {
      "p": 1.0,
      "r": 1.0,
      "f": 1.0
    }
  }
}